SlNo,Station,Agency,State LGD Code,State,District LGD Code,District,Tehsil,Block,Village,River,Basin,Tributary,Subtributary,SubSubtributary,Local River,Latitude,Longitude,Data Acquisition Time,Telemetry Hourly Rainfall (mm)
1,Delhi Railway Bridge,CWC,7,Delhi,80,NORTH,MODEL TOWN,-,-,Ganga,Ganga,Yamuna,-,-,Yamuna,28.66250000,77.24888889,04-01-2021 09:30,0.5
2,Delhi Railway Bridge,CWC,7,Delhi,80,NORTH,MODEL TOWN,-,-,Ganga,Ganga,Yamuna,-,-,Yamuna,28.66250000,77.24888889,08-01-2021 02:00,0.5
3,Delhi Railway Bridge,CWC,7,Delhi,80,NORTH,MODEL TOWN,-,-,Ganga,Ganga,Yamuna,-,-,Yamuna,28.66250000,77.24888889,08-01-2021 07:30,0.5
4,Delhi Railway Bridge,CWC,7,Delhi,80,NORTH,MODEL TOWN,-,-,Ganga,Ganga,Yamuna,-,-,Yamuna,28.66250000,77.24888889,13-01-2021 15:30,166.5
5,Delhi Railway Bridge,CWC,7,Delhi,80,NORTH,MODEL TOWN,-,-,Ganga,Ganga,Yamuna,-,-,Yamuna,28.66250000,77.24888889,14-01-2021 02:00,0.5
6,Delhi Railway Bridge,CWC,7,Delhi,80,NORTH,MODEL TOWN,-,-,Ganga,Ganga,Yamuna,-,-,Yamuna,28.66250000,77.24888889,14-01-2021 07:30,0.5
7,Delhi Railway Bridge,CWC,7,Delhi,80,NORTH,MODEL TOWN,-,-,Ganga,Ganga,Yamuna,-,-,Yamuna,28.66250000,77.24888889,16-01-2021 08:00,166.5
8,Delhi Railway Bridge,CWC,7,Delhi,80,NORTH,MODEL TOWN,-,-,Ganga,Ganga,Yamuna,-,-,Yamuna,28.66250000,77.24888889,16-01-2021 13:30,166.5
9,Delhi Railway Bridge,CWC,7,Delhi,80,NORTH,MODEL TOWN,-,-,Ganga,Ganga,Yamuna,-,-,Yamuna,28.66250000,77.24888889,29-01-2021 08:30,0.5
10,Delhi Railway Bridge,CWC,7,Delhi,80,NORTH,MODEL TOWN,-,-,Ganga,Ganga,Yamuna,-,-,Yamuna,28.66250000,77.24888889,04-02-2021 04:30,0.5
11,Delhi Railway Bridge,CWC,7,Delhi,80,NORTH,MODEL TOWN,-,-,Ganga,Ganga,Yamuna,-,-,Yamuna,28.66250000,77.24888889,04-02-2021 05:30,0.5
12,Delhi Railway Bridge,CWC,7,Delhi,80,NORTH,MODEL TOWN,-,-,Ganga,Ganga,Yamuna,-,-,Yamuna,28.66250000,77.24888889,04-02-2021 07:30,0.5
13,Delhi Railway Bridge,CWC,7,Delhi,80,NORTH,MODEL TOWN,-,-,Ganga,Ganga,Yamuna,-,-,Yamuna,28.66250000,77.24888889,04-02-2021 08:30,1
14,Delhi Railway Bridge,CWC,7,Delhi,80,NORTH,MODEL TOWN,-,-,Ganga,Ganga,Yamuna,-,-,Yamuna,28.66250000,77.24888889,04-02-2021 12:30,3.5
15,Delhi Railway Bridge,CWC,7,Delhi,80,NORTH,MODEL TOWN,-,-,Ganga,Ganga,Yamuna,-,-,Yamuna,28.66250000,77.24888889,05-02-2021 04:00,0.5
16,Delhi Railway Bridge,CWC,7,Delhi,80,NORTH,MODEL TOWN,-,-,Ganga,Ganga,Yamuna,-,-,Yamuna,28.66250000,77.24888889,05-02-2021 09:30,0.5
17,Delhi Railway Bridge,CWC,7,Delhi,80,NORTH,MODEL TOWN,-,-,Ganga,Ganga,Yamuna,-,-,Yamuna,28.66250000,77.24888889,13-02-2021 02:00,0.5
18,Delhi Railway Bridge,CWC,7,Delhi,80,NORTH,MODEL TOWN,-,-,Ganga,Ganga,Yamuna,-,-,Yamuna,28.66250000,77.24888889,13-02-2021 07:30,0.5
19,Delhi Railway Bridge,CWC,7,Delhi,80,NORTH,MODEL TOWN,-,-,Ganga,Ganga,Yamuna,-,-,Yamuna,28.66250000,77.24888889,15-02-2021 02:00,9
20,Delhi Railway Bridge,CWC,7,Delhi,80,NORTH,MODEL TOWN,-,-,Ganga,Ganga,Yamuna,-,-,Yamuna,28.66250000,77.24888889,15-02-2021 03:00,2.5
21,Delhi Railway Bridge,CWC,7,Delhi,80,NORTH,MODEL TOWN,-,-,Ganga,Ganga,Yamuna,-,-,Yamuna,28.66250000,77.24888889,15-02-2021 05:00,1
22,Delhi Railway Bridge,CWC,7,Delhi,80,NORTH,MODEL TOWN,-,-,Ganga,Ganga,Yamuna,-,-,Yamuna,28.66250000,77.24888889,15-02-2021 07:30,9
23,Delhi Railway Bridge,CWC,7,Delhi,80,NORTH,MODEL TOWN,-,-,Ganga,Ganga,Yamuna,-,-,Yamuna,28.66250000,77.24888889,15-02-2021 08:30,2.5
24,Delhi Railway Bridge,CWC,7,Delhi,80,NORTH,MODEL TOWN,-,-,Ganga,Ganga,Yamuna,-,-,Yamuna,28.66250000,77.24888889,15-02-2021 10:30,1
25,Delhi Railway Bridge,CWC,7,Delhi,80,NORTH,MODEL TOWN,-,-,Ganga,Ganga,Yamuna,-,-,Yamuna,28.66250000,77.24888889,15-02-2021 13:30,0.5
26,Delhi Railway Bridge,CWC,7,Delhi,80,NORTH,MODEL TOWN,-,-,Ganga,Ganga,Yamuna,-,-,Yamuna,28.66250000,77.24888889,15-02-2021 14:30,1
27,Delhi Railway Bridge,CWC,7,Delhi,80,NORTH,MODEL TOWN,-,-,Ganga,Ganga,Yamuna,-,-,Yamuna,28.66250000,77.24888889,15-02-2021 15:30,3.5
28,Delhi Railway Bridge,CWC,7,Delhi,80,NORTH,MODEL TOWN,-,-,Ganga,Ganga,Yamuna,-,-,Yamuna,28.66250000,77.24888889,16-02-2021 11:00,1
29,Delhi Railway Bridge,CWC,7,Delhi,80,NORTH,MODEL TOWN,-,-,Ganga,Ganga,Yamuna,-,-,Yamuna,28.66250000,77.24888889,16-02-2021 14:00,0.5
30,Delhi Railway Bridge,CWC,7,Delhi,80,NORTH,MODEL TOWN,-,-,Ganga,Ganga,Yamuna,-,-,Yamuna,28.66250000,77.24888889,16-02-2021 16:30,1
31,Delhi Railway Bridge,CWC,7,Delhi,80,NORTH,MODEL TOWN,-,-,Ganga,Ganga,Yamuna,-,-,Yamuna,28.66250000,77.24888889,16-02-2021 19:30,0.5
32,Delhi Railway Bridge,CWC,7,Delhi,80,NORTH,MODEL TOWN,-,-,Ganga,Ganga,Yamuna,-,-,Yamuna,28.66250000,77.24888889,17-02-2021 09:00,2
33,Delhi Railway Bridge,CWC,7,Delhi,80,NORTH,MODEL TOWN,-,-,Ganga,Ganga,Yamuna,-,-,Yamuna,28.66250000,77.24888889,17-02-2021 10:00,3.5
34,Delhi Railway Bridge,CWC,7,Delhi,80,NORTH,MODEL TOWN,-,-,Ganga,Ganga,Yamuna,-,-,Yamuna,28.66250000,77.24888889,17-02-2021 11:00,2.5
35,Delhi Railway Bridge,CWC,7,Delhi,80,NORTH,MODEL TOWN,-,-,Ganga,Ganga,Yamuna,-,-,Yamuna,28.66250000,77.24888889,17-02-2021 12:00,1
36,Delhi Railway Bridge,CWC,7,Delhi,80,NORTH,MODEL TOWN,-,-,Ganga,Ganga,Yamuna,-,-,Yamuna,28.66250000,77.24888889,17-02-2021 14:30,2
37,Delhi Railway Bridge,CWC,7,Delhi,80,NORTH,MODEL TOWN,-,-,Ganga,Ganga,Yamuna,-,-,Yamuna,28.66250000,77.24888889,17-02-2021 15:30,3.5
38,Delhi Railway Bridge,CWC,7,Delhi,80,NORTH,MODEL TOWN,-,-,Ganga,Ganga,Yamuna,-,-,Yamuna,28.66250000,77.24888889,17-02-2021 16:30,2.5
39,Delhi Railway Bridge,CWC,7,Delhi,80,NORTH,MODEL TOWN,-,-,Ganga,Ganga,Yamuna,-,-,Yamuna,28.66250000,77.24888889,17-02-2021 17:30,1
40,Delhi Railway Bridge,CWC,7,Delhi,80,NORTH,MODEL TOWN,-,-,Ganga,Ganga,Yamuna,-,-,Yamuna,28.66250000,77.24888889,18-02-2021 11:30,0.5
41,Delhi Railway Bridge,CWC,7,Delhi,80,NORTH,MODEL TOWN,-,-,Ganga,Ganga,Yamuna,-,-,Yamuna,28.66250000,77.24888889,18-02-2021 15:30,0.5
42,Delhi Railway Bridge,CWC,7,Delhi,80,NORTH,MODEL TOWN,-,-,Ganga,Ganga,Yamuna,-,-,Yamuna,28.66250000,77.24888889,18-02-2021 16:30,0.5
43,Delhi Railway Bridge,CWC,7,Delhi,80,NORTH,MODEL TOWN,-,-,Ganga,Ganga,Yamuna,-,-,Yamuna,28.66250000,77.24888889,19-02-2021 05:00,5
44,Delhi Railway Bridge,CWC,7,Delhi,80,NORTH,MODEL TOWN,-,-,Ganga,Ganga,Yamuna,-,-,Yamuna,28.66250000,77.24888889,19-02-2021 10:30,5
45,Delhi Railway Bridge,CWC,7,Delhi,80,NORTH,MODEL TOWN,-,-,Ganga,Ganga,Yamuna,-,-,Yamuna,28.66250000,77.24888889,05-03-2021 11:00,15.5
46,Delhi Railway Bridge,CWC,7,Delhi,80,NORTH,MODEL TOWN,-,-,Ganga,Ganga,Yamuna,-,-,Yamuna,28.66250000,77.24888889,05-03-2021 11:01,15.5
47,Delhi Railway Bridge,CWC,7,Delhi,80,NORTH,MODEL TOWN,-,-,Ganga,Ganga,Yamuna,-,-,Yamuna,28.66250000,77.24888889,05-03-2021 16:30,15.5
48,Delhi Railway Bridge,CWC,7,Delhi,80,NORTH,MODEL TOWN,-,-,Ganga,Ganga,Yamuna,-,-,Yamuna,28.66250000,77.24888889,09-03-2021 17:00,1
49,Delhi Railway Bridge,CWC,7,Delhi,80,NORTH,MODEL TOWN,-,-,Ganga,Ganga,Yamuna,-,-,Yamuna,28.66250000,77.24888889,09-03-2021 22:30,1
50,Delhi Railway Bridge,CWC,7,Delhi,80,NORTH,MODEL TOWN,-,-,Ganga,Ganga,Yamuna,-,-,Yamuna,28.66250000,77.24888889,12-03-2021 02:00,0.5
51,Delhi Railway Bridge,CWC,7,Delhi,80,NORTH,MODEL TOWN,-,-,Ganga,Ganga,Yamuna,-,-,Yamuna,28.66250000,77.24888889,12-03-2021 03:00,1
52,Delhi Railway Bridge,CWC,7,Delhi,80,NORTH,MODEL TOWN,-,-,Ganga,Ganga,Yamuna,-,-,Yamuna,28.66250000,77.24888889,12-03-2021 07:30,0.5
53,Delhi Railway Bridge,CWC,7,Delhi,80,NORTH,MODEL TOWN,-,-,Ganga,Ganga,Yamuna,-,-,Yamuna,28.66250000,77.24888889,12-03-2021 08:30,1
54,Delhi Railway Bridge,CWC,7,Delhi,80,NORTH,MODEL TOWN,-,-,Ganga,Ganga,Yamuna,-,-,Yamuna,28.66250000,77.24888889,23-03-2021 08:00,0.5
55,Delhi Railway Bridge,CWC,7,Delhi,80,NORTH,MODEL TOWN,-,-,Ganga,Ganga,Yamuna,-,-,Yamuna,28.66250000,77.24888889,23-03-2021 13:30,0.5
56,Delhi Railway Bridge,CWC,7,Delhi,80,NORTH,MODEL TOWN,-,-,Ganga,Ganga,Yamuna,-,-,Yamuna,28.66250000,77.24888889,27-03-2021 02:00,3.5
57,Delhi Railway Bridge,CWC,7,Delhi,80,NORTH,MODEL TOWN,-,-,Ganga,Ganga,Yamuna,-,-,Yamuna,28.66250000,77.24888889,27-03-2021 07:30,3.5
58,Delhi Railway Bridge,CWC,7,Delhi,80,NORTH,MODEL TOWN,-,-,Ganga,Ganga,Yamuna,-,-,Yamuna,28.66250000,77.24888889,28-03-2021 09:00,3
59,Delhi Railway Bridge,CWC,7,Delhi,80,NORTH,MODEL TOWN,-,-,Ganga,Ganga,Yamuna,-,-,Yamuna,28.66250000,77.24888889,28-03-2021 14:30,3
60,Delhi Railway Bridge,CWC,7,Delhi,80,NORTH,MODEL TOWN,-,-,Ganga,Ganga,Yamuna,-,-,Yamuna,28.66250000,77.24888889,30-03-2021 06:00,0.5
61,Delhi Railway Bridge,CWC,7,Delhi,80,NORTH,MODEL TOWN,-,-,Ganga,Ganga,Yamuna,-,-,Yamuna,28.66250000,77.24888889,30-03-2021 11:30,0.5
62,Delhi Railway Bridge,CWC,7,Delhi,80,NORTH,MODEL TOWN,-,-,Ganga,Ganga,Yamuna,-,-,Yamuna,28.66250000,77.24888889,31-03-2021 08:00,0.5
63,Delhi Railway Bridge,CWC,7,Delhi,80,NORTH,MODEL TOWN,-,-,Ganga,Ganga,Yamuna,-,-,Yamuna,28.66250000,77.24888889,31-03-2021 13:30,0.5
64,Delhi Railway Bridge,CWC,7,Delhi,80,NORTH,MODEL TOWN,-,-,Ganga,Ganga,Yamuna,-,-,Yamuna,28.66250000,77.24888889,01-04-2021 08:00,0.5
65,Delhi Railway Bridge,CWC,7,Delhi,80,NORTH,MODEL TOWN,-,-,Ganga,Ganga,Yamuna,-,-,Yamuna,28.66250000,77.24888889,01-04-2021 09:00,0.5
66,Delhi Railway Bridge,CWC,7,Delhi,80,NORTH,MODEL TOWN,-,-,Ganga,Ganga,Yamuna,-,-,Yamuna,28.66250000,77.24888889,01-04-2021 13:30,0.5
67,Delhi Railway Bridge,CWC,7,Delhi,80,NORTH,MODEL TOWN,-,-,Ganga,Ganga,Yamuna,-,-,Yamuna,28.66250000,77.24888889,01-04-2021 14:30,0.5
68,Delhi Railway Bridge,CWC,7,Delhi,80,NORTH,MODEL TOWN,-,-,Ganga,Ganga,Yamuna,-,-,Yamuna,28.66250000,77.24888889,07-04-2021 12:00,0.5
69,Delhi Railway Bridge,CWC,7,Delhi,80,NORTH,MODEL TOWN,-,-,Ganga,Ganga,Yamuna,-,-,Yamuna,28.66250000,77.24888889,08-05-2021 11:00,0.5
70,Delhi Railway Bridge,CWC,7,Delhi,80,NORTH,MODEL TOWN,-,-,Ganga,Ganga,Yamuna,-,-,Yamuna,28.66250000,77.24888889,12-05-2021 03:00,1
71,Delhi Railway Bridge,CWC,7,Delhi,80,NORTH,MODEL TOWN,-,-,Ganga,Ganga,Yamuna,-,-,Yamuna,28.66250000,77.24888889,13-05-2021 11:00,2
72,Delhi Railway Bridge,CWC,7,Delhi,80,NORTH,MODEL TOWN,-,-,Ganga,Ganga,Yamuna,-,-,Yamuna,28.66250000,77.24888889,14-05-2021 01:00,4
73,Delhi Railway Bridge,CWC,7,Delhi,80,NORTH,MODEL TOWN,-,-,Ganga,Ganga,Yamuna,-,-,Yamuna,28.66250000,77.24888889,14-05-2021 03:00,0.5
74,Delhi Railway Bridge,CWC,7,Delhi,80,NORTH,MODEL TOWN,-,-,Ganga,Ganga,Yamuna,-,-,Yamuna,28.66250000,77.24888889,14-05-2021 04:00,7
75,Delhi Railway Bridge,CWC,7,Delhi,80,NORTH,MODEL TOWN,-,-,Ganga,Ganga,Yamuna,-,-,Yamuna,28.66250000,77.24888889,14-05-2021 05:00,6.5
76,Delhi Railway Bridge,CWC,7,Delhi,80,NORTH,MODEL TOWN,-,-,Ganga,Ganga,Yamuna,-,-,Yamuna,28.66250000,77.24888889,14-05-2021 06:00,0.5
77,Delhi Railway Bridge,CWC,7,Delhi,80,NORTH,MODEL TOWN,-,-,Ganga,Ganga,Yamuna,-,-,Yamuna,28.66250000,77.24888889,14-05-2021 07:00,2
78,Delhi Railway Bridge,CWC,7,Delhi,80,NORTH,MODEL TOWN,-,-,Ganga,Ganga,Yamuna,-,-,Yamuna,28.66250000,77.24888889,14-05-2021 08:00,2.5
79,Delhi Railway Bridge,CWC,7,Delhi,80,NORTH,MODEL TOWN,-,-,Ganga,Ganga,Yamuna,-,-,Yamuna,28.66250000,77.24888889,14-05-2021 09:00,5
80,Delhi Railway Bridge,CWC,7,Delhi,80,NORTH,MODEL TOWN,-,-,Ganga,Ganga,Yamuna,-,-,Yamuna,28.66250000,77.24888889,14-05-2021 10:00,5
81,Delhi Railway Bridge,CWC,7,Delhi,80,NORTH,MODEL TOWN,-,-,Ganga,Ganga,Yamuna,-,-,Yamuna,28.66250000,77.24888889,14-05-2021 11:00,1
82,Delhi Railway Bridge,CWC,7,Delhi,80,NORTH,MODEL TOWN,-,-,Ganga,Ganga,Yamuna,-,-,Yamuna,28.66250000,77.24888889,14-05-2021 12:00,29
83,Delhi Railway Bridge,CWC,7,Delhi,80,NORTH,MODEL TOWN,-,-,Ganga,Ganga,Yamuna,-,-,Yamuna,28.66250000,77.24888889,14-05-2021 16:00,5.5
84,Delhi Railway Bridge,CWC,7,Delhi,80,NORTH,MODEL TOWN,-,-,Ganga,Ganga,Yamuna,-,-,Yamuna,28.66250000,77.24888889,14-05-2021 17:00,4.5
85,Delhi Railway Bridge,CWC,7,Delhi,80,NORTH,MODEL TOWN,-,-,Ganga,Ganga,Yamuna,-,-,Yamuna,28.66250000,77.24888889,14-05-2021 18:00,0.5
86,Delhi Railway Bridge,CWC,7,Delhi,80,NORTH,MODEL TOWN,-,-,Ganga,Ganga,Yamuna,-,-,Yamuna,28.66250000,77.24888889,14-05-2021 21:00,0.5
87,Delhi Railway Bridge,CWC,7,Delhi,80,NORTH,MODEL TOWN,-,-,Ganga,Ganga,Yamuna,-,-,Yamuna,28.66250000,77.24888889,14-05-2021 22:00,1
88,Delhi Railway Bridge,CWC,7,Delhi,80,NORTH,MODEL TOWN,-,-,Ganga,Ganga,Yamuna,-,-,Yamuna,28.66250000,77.24888889,15-05-2021 03:00,5
89,Delhi Railway Bridge,CWC,7,Delhi,80,NORTH,MODEL TOWN,-,-,Ganga,Ganga,Yamuna,-,-,Yamuna,28.66250000,77.24888889,20-05-2021 07:00,1.5
90,Delhi Railway Bridge,CWC,7,Delhi,80,NORTH,MODEL TOWN,-,-,Ganga,Ganga,Yamuna,-,-,Yamuna,28.66250000,77.24888889,20-05-2021 09:00,166.5
91,Delhi Railway Bridge,CWC,7,Delhi,80,NORTH,MODEL TOWN,-,-,Ganga,Ganga,Yamuna,-,-,Yamuna,28.66250000,77.24888889,09-06-2021 08:00,166.5
92,Delhi Railway Bridge,CWC,7,Delhi,80,NORTH,MODEL TOWN,-,-,Ganga,Ganga,Yamuna,-,-,Yamuna,28.66250000,77.24888889,09-06-2021 10:00,5
93,Delhi Railway Bridge,CWC,7,Delhi,80,NORTH,MODEL TOWN,-,-,Ganga,Ganga,Yamuna,-,-,Yamuna,28.66250000,77.24888889,09-06-2021 11:00,0.5
94,Delhi Railway Bridge,CWC,7,Delhi,80,NORTH,MODEL TOWN,-,-,Ganga,Ganga,Yamuna,-,-,Yamuna,28.66250000,77.24888889,09-06-2021 12:00,0.5
95,Delhi Railway Bridge,CWC,7,Delhi,80,NORTH,MODEL TOWN,-,-,Ganga,Ganga,Yamuna,-,-,Yamuna,28.66250000,77.24888889,09-06-2021 13:00,1
96,Delhi Railway Bridge,CWC,7,Delhi,80,NORTH,MODEL TOWN,-,-,Ganga,Ganga,Yamuna,-,-,Yamuna,28.66250000,77.24888889,09-06-2021 14:00,1
97,Delhi Railway Bridge,CWC,7,Delhi,80,NORTH,MODEL TOWN,-,-,Ganga,Ganga,Yamuna,-,-,Yamuna,28.66250000,77.24888889,09-06-2021 15:00,1
98,Delhi Railway Bridge,CWC,7,Delhi,80,NORTH,MODEL TOWN,-,-,Ganga,Ganga,Yamuna,-,-,Yamuna,28.66250000,77.24888889,09-06-2021 16:00,1
99,Delhi Railway Bridge,CWC,7,Delhi,80,NORTH,MODEL TOWN,-,-,Ganga,Ganga,Yamuna,-,-,Yamuna,28.66250000,77.24888889,09-06-2021 17:00,1
100,Delhi Railway Bridge,CWC,7,Delhi,80,NORTH,MODEL TOWN,-,-,Ganga,Ganga,Yamuna,-,-,Yamuna,28.66250000,77.24888889,09-06-2021 19:00,0.5
101,Delhi Railway Bridge,CWC,7,Delhi,80,NORTH,MODEL TOWN,-,-,Ganga,Ganga,Yamuna,-,-,Yamuna,28.66250000,77.24888889,09-06-2021 20:00,0.5
102,Delhi Railway Bridge,CWC,7,Delhi,80,NORTH,MODEL TOWN,-,-,Ganga,Ganga,Yamuna,-,-,Yamuna,28.66250000,77.24888889,09-06-2021 21:00,1
103,Delhi Railway Bridge,CWC,7,Delhi,80,NORTH,MODEL TOWN,-,-,Ganga,Ganga,Yamuna,-,-,Yamuna,28.66250000,77.24888889,09-06-2021 22:00,2.5
104,Delhi Railway Bridge,CWC,7,Delhi,80,NORTH,MODEL TOWN,-,-,Ganga,Ganga,Yamuna,-,-,Yamuna,28.66250000,77.24888889,09-06-2021 23:00,2
105,Delhi Railway Bridge,CWC,7,Delhi,80,NORTH,MODEL TOWN,-,-,Ganga,Ganga,Yamuna,-,-,Yamuna,28.66250000,77.24888889,10-06-2021 00:00,1.5
106,Delhi Railway Bridge,CWC,7,Delhi,80,NORTH,MODEL TOWN,-,-,Ganga,Ganga,Yamuna,-,-,Yamuna,28.66250000,77.24888889,10-06-2021 01:00,1.5
107,Delhi Railway Bridge,CWC,7,Delhi,80,NORTH,MODEL TOWN,-,-,Ganga,Ganga,Yamuna,-,-,Yamuna,28.66250000,77.24888889,10-06-2021 02:00,1.5
108,Delhi Railway Bridge,CWC,7,Delhi,80,NORTH,MODEL TOWN,-,-,Ganga,Ganga,Yamuna,-,-,Yamuna,28.66250000,77.24888889,10-06-2021 03:00,0.5
109,Delhi Railway Bridge,CWC,7,Delhi,80,NORTH,MODEL TOWN,-,-,Ganga,Ganga,Yamuna,-,-,Yamuna,28.66250000,77.24888889,10-06-2021 04:00,0.5
110,Delhi Railway Bridge,CWC,7,Delhi,80,NORTH,MODEL TOWN,-,-,Ganga,Ganga,Yamuna,-,-,Yamuna,28.66250000,77.24888889,10-06-2021 05:00,0.5
111,Delhi Railway Bridge,CWC,7,Delhi,80,NORTH,MODEL TOWN,-,-,Ganga,Ganga,Yamuna,-,-,Yamuna,28.66250000,77.24888889,10-06-2021 06:00,0.5
112,Delhi Railway Bridge,CWC,7,Delhi,80,NORTH,MODEL TOWN,-,-,Ganga,Ganga,Yamuna,-,-,Yamuna,28.66250000,77.24888889,10-06-2021 08:00,0.5
113,Delhi Railway Bridge,CWC,7,Delhi,80,NORTH,MODEL TOWN,-,-,Ganga,Ganga,Yamuna,-,-,Yamuna,28.66250000,77.24888889,10-06-2021 09:00,0.5
114,Delhi Railway Bridge,CWC,7,Delhi,80,NORTH,MODEL TOWN,-,-,Ganga,Ganga,Yamuna,-,-,Yamuna,28.66250000,77.24888889,10-06-2021 10:00,0.5
115,Delhi Railway Bridge,CWC,7,Delhi,80,NORTH,MODEL TOWN,-,-,Ganga,Ganga,Yamuna,-,-,Yamuna,28.66250000,77.24888889,10-06-2021 11:00,0.5
116,Delhi Railway Bridge,CWC,7,Delhi,80,NORTH,MODEL TOWN,-,-,Ganga,Ganga,Yamuna,-,-,Yamuna,28.66250000,77.24888889,10-06-2021 13:00,0.5
117,Delhi Railway Bridge,CWC,7,Delhi,80,NORTH,MODEL TOWN,-,-,Ganga,Ganga,Yamuna,-,-,Yamuna,28.66250000,77.24888889,10-06-2021 14:00,0.5
118,Delhi Railway Bridge,CWC,7,Delhi,80,NORTH,MODEL TOWN,-,-,Ganga,Ganga,Yamuna,-,-,Yamuna,28.66250000,77.24888889,10-06-2021 17:00,0.5
119,Delhi Railway Bridge,CWC,7,Delhi,80,NORTH,MODEL TOWN,-,-,Ganga,Ganga,Yamuna,-,-,Yamuna,28.66250000,77.24888889,10-06-2021 18:00,3
120,Delhi Railway Bridge,CWC,7,Delhi,80,NORTH,MODEL TOWN,-,-,Ganga,Ganga,Yamuna,-,-,Yamuna,28.66250000,77.24888889,11-06-2021 02:00,0.5
121,Delhi Railway Bridge,CWC,7,Delhi,80,NORTH,MODEL TOWN,-,-,Ganga,Ganga,Yamuna,-,-,Yamuna,28.66250000,77.24888889,11-06-2021 06:00,0.5
122,Delhi Railway Bridge,CWC,7,Delhi,80,NORTH,MODEL TOWN,-,-,Ganga,Ganga,Yamuna,-,-,Yamuna,28.66250000,77.24888889,11-06-2021 07:00,0.5
123,Delhi Railway Bridge,CWC,7,Delhi,80,NORTH,MODEL TOWN,-,-,Ganga,Ganga,Yamuna,-,-,Yamuna,28.66250000,77.24888889,17-06-2021 07:00,1
124,Delhi Railway Bridge,CWC,7,Delhi,80,NORTH,MODEL TOWN,-,-,Ganga,Ganga,Yamuna,-,-,Yamuna,28.66250000,77.24888889,30-07-2021 06:00,166.5
125,Delhi Railway Bridge,CWC,7,Delhi,80,NORTH,MODEL TOWN,-,-,Ganga,Ganga,Yamuna,-,-,Yamuna,28.66250000,77.24888889,01-08-2021 09:00,0.5
126,Delhi Railway Bridge,CWC,7,Delhi,80,NORTH,MODEL TOWN,-,-,Ganga,Ganga,Yamuna,-,-,Yamuna,28.66250000,77.24888889,07-08-2021 15:00,126
127,Delhi Railway Bridge,CWC,7,Delhi,80,NORTH,MODEL TOWN,-,-,Ganga,Ganga,Yamuna,-,-,Yamuna,28.66250000,77.24888889,09-08-2021 09:00,0.5
128,Delhi Railway Bridge,CWC,7,Delhi,80,NORTH,MODEL TOWN,-,-,Ganga,Ganga,Yamuna,-,-,Yamuna,28.66250000,77.24888889,21-08-2021 02:00,0.5
129,Delhi Railway Bridge,CWC,7,Delhi,80,NORTH,MODEL TOWN,-,-,Ganga,Ganga,Yamuna,-,-,Yamuna,28.66250000,77.24888889,21-08-2021 03:00,128
130,Delhi Railway Bridge,CWC,7,Delhi,80,NORTH,MODEL TOWN,-,-,Ganga,Ganga,Yamuna,-,-,Yamuna,28.66250000,77.24888889,21-08-2021 21:00,16.5
131,Delhi Railway Bridge,CWC,7,Delhi,80,NORTH,MODEL TOWN,-,-,Ganga,Ganga,Yamuna,-,-,Yamuna,28.66250000,77.24888889,03-09-2021 05:00,0.5
132,Delhi Railway Bridge,CWC,7,Delhi,80,NORTH,MODEL TOWN,-,-,Ganga,Ganga,Yamuna,-,-,Yamuna,28.66250000,77.24888889,04-09-2021 07:00,14.5
133,Delhi Railway Bridge,CWC,7,Delhi,80,NORTH,MODEL TOWN,-,-,Ganga,Ganga,Yamuna,-,-,Yamuna,28.66250000,77.24888889,06-09-2021 06:00,1
134,Delhi Railway Bridge,CWC,7,Delhi,80,NORTH,MODEL TOWN,-,-,Ganga,Ganga,Yamuna,-,-,Yamuna,28.66250000,77.24888889,09-09-2021 09:00,0.5
135,Delhi Railway Bridge,CWC,7,Delhi,80,NORTH,MODEL TOWN,-,-,Ganga,Ganga,Yamuna,-,-,Yamuna,28.66250000,77.24888889,10-09-2021 00:00,0.5
136,Delhi Railway Bridge,CWC,7,Delhi,80,NORTH,MODEL TOWN,-,-,Ganga,Ganga,Yamuna,-,-,Yamuna,28.66250000,77.24888889,10-09-2021 15:00,3
137,Delhi Railway Bridge,CWC,7,Delhi,80,NORTH,MODEL TOWN,-,-,Ganga,Ganga,Yamuna,-,-,Yamuna,28.66250000,77.24888889,11-09-2021 11:00,33.5
138,Delhi Railway Bridge,CWC,7,Delhi,80,NORTH,MODEL TOWN,-,-,Ganga,Ganga,Yamuna,-,-,Yamuna,28.66250000,77.24888889,16-09-2021 06:00,14.5
139,Delhi Railway Bridge,CWC,7,Delhi,80,NORTH,MODEL TOWN,-,-,Ganga,Ganga,Yamuna,-,-,Yamuna,28.66250000,77.24888889,26-09-2021 11:00,8.5
140,Delhi Railway Bridge,CWC,7,Delhi,80,NORTH,MODEL TOWN,-,-,Ganga,Ganga,Yamuna,-,-,Yamuna,28.66250000,77.24888889,08-11-2021 14:00,92
141,Delhi Railway Bridge,CWC,7,Delhi,80,NORTH,MODEL TOWN,-,-,Ganga,Ganga,Yamuna,-,-,Yamuna,28.66250000,77.24888889,11-11-2021 11:00,11.5
142,Delhi Railway Bridge,CWC,7,Delhi,80,NORTH,MODEL TOWN,-,-,Ganga,Ganga,Yamuna,-,-,Yamuna,28.66250000,77.24888889,13-11-2021 11:00,0.5
143,Delhi Railway Bridge,CWC,7,Delhi,80,NORTH,MODEL TOWN,-,-,Ganga,Ganga,Yamuna,-,-,Yamuna,28.66250000,77.24888889,20-11-2021 06:00,170
144,Delhi Railway Bridge,CWC,7,Delhi,80,NORTH,MODEL TOWN,-,-,Ganga,Ganga,Yamuna,-,-,Yamuna,28.66250000,77.24888889,26-12-2021 14:00,1
145,Delhi Railway Bridge,CWC,7,Delhi,80,NORTH,MODEL TOWN,-,-,Ganga,Ganga,Yamuna,-,-,Yamuna,28.66250000,77.24888889,26-12-2021 15:00,1
146,Delhi Railway Bridge,CWC,7,Delhi,80,NORTH,MODEL TOWN,-,-,Ganga,Ganga,Yamuna,-,-,Yamuna,28.66250000,77.24888889,26-12-2021 16:00,0.5
147,Delhi Railway Bridge,CWC,7,Delhi,80,NORTH,MODEL TOWN,-,-,Ganga,Ganga,Yamuna,-,-,Yamuna,28.66250000,77.24888889,26-12-2021 17:00,1
148,Delhi Railway Bridge,CWC,7,Delhi,80,NORTH,MODEL TOWN,-,-,Ganga,Ganga,Yamuna,-,-,Yamuna,28.66250000,77.24888889,26-12-2021 18:00,1
149,Delhi Railway Bridge,CWC,7,Delhi,80,NORTH,MODEL TOWN,-,-,Ganga,Ganga,Yamuna,-,-,Yamuna,28.66250000,77.24888889,26-12-2021 19:00,1
150,Delhi Railway Bridge,CWC,7,Delhi,80,NORTH,MODEL TOWN,-,-,Ganga,Ganga,Yamuna,-,-,Yamuna,28.66250000,77.24888889,26-12-2021 21:00,0.5
151,Delhi Railway Bridge,CWC,7,Delhi,80,NORTH,MODEL TOWN,-,-,Ganga,Ganga,Yamuna,-,-,Yamuna,28.66250000,77.24888889,28-12-2021 10:00,0.5
152,Delhi Railway Bridge,CWC,7,Delhi,80,NORTH,MODEL TOWN,-,-,Ganga,Ganga,Yamuna,-,-,Yamuna,28.66250000,77.24888889,28-12-2021 13:00,0.5
153,Delhi Railway Bridge,CWC,7,Delhi,80,NORTH,MODEL TOWN,-,-,Ganga,Ganga,Yamuna,-,-,Yamuna,28.66250000,77.24888889,28-12-2021 15:00,0.5
154,Delhi Railway Bridge,CWC,7,Delhi,80,NORTH,MODEL TOWN,-,-,Ganga,Ganga,Yamuna,-,-,Yamuna,28.66250000,77.24888889,28-12-2021 18:00,0.5
155,Delhi Railway Bridge,CWC,7,Delhi,80,NORTH,MODEL TOWN,-,-,Ganga,Ganga,Yamuna,-,-,Yamuna,28.66250000,77.24888889,28-12-2021 22:00,0.5
156,Delhi Railway Bridge,CWC,7,Delhi,80,NORTH,MODEL TOWN,-,-,Ganga,Ganga,Yamuna,-,-,Yamuna,28.66250000,77.24888889,10-01-2022 08:00,0.5
157,Delhi Railway Bridge,CWC,7,Delhi,80,NORTH,MODEL TOWN,-,-,Ganga,Ganga,Yamuna,-,-,Yamuna,28.66250000,77.24888889,10-01-2022 10:00,0.5
158,Delhi Railway Bridge,CWC,7,Delhi,80,NORTH,MODEL TOWN,-,-,Ganga,Ganga,Yamuna,-,-,Yamuna,28.66250000,77.24888889,10-01-2022 12:00,0.5
159,Delhi Railway Bridge,CWC,7,Delhi,80,NORTH,MODEL TOWN,-,-,Ganga,Ganga,Yamuna,-,-,Yamuna,28.66250000,77.24888889,10-01-2022 14:00,0.5
160,Delhi Railway Bridge,CWC,7,Delhi,80,NORTH,MODEL TOWN,-,-,Ganga,Ganga,Yamuna,-,-,Yamuna,28.66250000,77.24888889,10-01-2022 17:00,0.5
161,Delhi Railway Bridge,CWC,7,Delhi,80,NORTH,MODEL TOWN,-,-,Ganga,Ganga,Yamuna,-,-,Yamuna,28.66250000,77.24888889,10-01-2022 20:00,0.5
162,Delhi Railway Bridge,CWC,7,Delhi,80,NORTH,MODEL TOWN,-,-,Ganga,Ganga,Yamuna,-,-,Yamuna,28.66250000,77.24888889,11-01-2022 10:00,0.5
163,Delhi Railway Bridge,CWC,7,Delhi,80,NORTH,MODEL TOWN,-,-,Ganga,Ganga,Yamuna,-,-,Yamuna,28.66250000,77.24888889,11-01-2022 15:00,0.5
164,Delhi Railway Bridge,CWC,7,Delhi,80,NORTH,MODEL TOWN,-,-,Ganga,Ganga,Yamuna,-,-,Yamuna,28.66250000,77.24888889,11-01-2022 19:00,0.5
165,Delhi Railway Bridge,CWC,7,Delhi,80,NORTH,MODEL TOWN,-,-,Ganga,Ganga,Yamuna,-,-,Yamuna,28.66250000,77.24888889,12-01-2022 01:00,0.5
166,Delhi Railway Bridge,CWC,7,Delhi,80,NORTH,MODEL TOWN,-,-,Ganga,Ganga,Yamuna,-,-,Yamuna,28.66250000,77.24888889,12-01-2022 06:00,0.5
167,Delhi Railway Bridge,CWC,7,Delhi,80,NORTH,MODEL TOWN,-,-,Ganga,Ganga,Yamuna,-,-,Yamuna,28.66250000,77.24888889,12-01-2022 10:00,0.5
168,Delhi Railway Bridge,CWC,7,Delhi,80,NORTH,MODEL TOWN,-,-,Ganga,Ganga,Yamuna,-,-,Yamuna,28.66250000,77.24888889,12-01-2022 15:00,0.5
169,Delhi Railway Bridge,CWC,7,Delhi,80,NORTH,MODEL TOWN,-,-,Ganga,Ganga,Yamuna,-,-,Yamuna,28.66250000,77.24888889,13-01-2022 06:00,0.5
170,Delhi Railway Bridge,CWC,7,Delhi,80,NORTH,MODEL TOWN,-,-,Ganga,Ganga,Yamuna,-,-,Yamuna,28.66250000,77.24888889,14-01-2022 11:00,0.5
171,Delhi Railway Bridge,CWC,7,Delhi,80,NORTH,MODEL TOWN,-,-,Ganga,Ganga,Yamuna,-,-,Yamuna,28.66250000,77.24888889,15-01-2022 00:00,0.5
172,Delhi Railway Bridge,CWC,7,Delhi,80,NORTH,MODEL TOWN,-,-,Ganga,Ganga,Yamuna,-,-,Yamuna,28.66250000,77.24888889,15-01-2022 23:00,0.5
173,Delhi Railway Bridge,CWC,7,Delhi,80,NORTH,MODEL TOWN,-,-,Ganga,Ganga,Yamuna,-,-,Yamuna,28.66250000,77.24888889,16-01-2022 09:00,0.5
174,Delhi Railway Bridge,CWC,7,Delhi,80,NORTH,MODEL TOWN,-,-,Ganga,Ganga,Yamuna,-,-,Yamuna,28.66250000,77.24888889,18-01-2022 03:00,0.5
175,Delhi Railway Bridge,CWC,7,Delhi,80,NORTH,MODEL TOWN,-,-,Ganga,Ganga,Yamuna,-,-,Yamuna,28.66250000,77.24888889,18-01-2022 14:00,0.5
176,Delhi Railway Bridge,CWC,7,Delhi,80,NORTH,MODEL TOWN,-,-,Ganga,Ganga,Yamuna,-,-,Yamuna,28.66250000,77.24888889,18-01-2022 18:00,0.5
177,Delhi Railway Bridge,CWC,7,Delhi,80,NORTH,MODEL TOWN,-,-,Ganga,Ganga,Yamuna,-,-,Yamuna,28.66250000,77.24888889,19-01-2022 01:00,0.5
178,Delhi Railway Bridge,CWC,7,Delhi,80,NORTH,MODEL TOWN,-,-,Ganga,Ganga,Yamuna,-,-,Yamuna,28.66250000,77.24888889,19-01-2022 04:00,0.5
179,Delhi Railway Bridge,CWC,7,Delhi,80,NORTH,MODEL TOWN,-,-,Ganga,Ganga,Yamuna,-,-,Yamuna,28.66250000,77.24888889,19-01-2022 09:00,0.5
180,Delhi Railway Bridge,CWC,7,Delhi,80,NORTH,MODEL TOWN,-,-,Ganga,Ganga,Yamuna,-,-,Yamuna,28.66250000,77.24888889,19-01-2022 10:00,0.5
181,Delhi Railway Bridge,CWC,7,Delhi,80,NORTH,MODEL TOWN,-,-,Ganga,Ganga,Yamuna,-,-,Yamuna,28.66250000,77.24888889,21-01-2022 08:00,1.5
182,Delhi Railway Bridge,CWC,7,Delhi,80,NORTH,MODEL TOWN,-,-,Ganga,Ganga,Yamuna,-,-,Yamuna,28.66250000,77.24888889,21-01-2022 21:00,0.5
183,Delhi Railway Bridge,CWC,7,Delhi,80,NORTH,MODEL TOWN,-,-,Ganga,Ganga,Yamuna,-,-,Yamuna,28.66250000,77.24888889,22-01-2022 00:00,0.5
184,Delhi Railway Bridge,CWC,7,Delhi,80,NORTH,MODEL TOWN,-,-,Ganga,Ganga,Yamuna,-,-,Yamuna,28.66250000,77.24888889,22-01-2022 01:00,4
185,Delhi Railway Bridge,CWC,7,Delhi,80,NORTH,MODEL TOWN,-,-,Ganga,Ganga,Yamuna,-,-,Yamuna,28.66250000,77.24888889,22-01-2022 02:00,4
186,Delhi Railway Bridge,CWC,7,Delhi,80,NORTH,MODEL TOWN,-,-,Ganga,Ganga,Yamuna,-,-,Yamuna,28.66250000,77.24888889,22-01-2022 03:00,0.5
187,Delhi Railway Bridge,CWC,7,Delhi,80,NORTH,MODEL TOWN,-,-,Ganga,Ganga,Yamuna,-,-,Yamuna,28.66250000,77.24888889,08-03-2022 18:00,128
188,Delhi Railway Bridge,CWC,7,Delhi,80,NORTH,MODEL TOWN,-,-,Ganga,Ganga,Yamuna,-,-,Yamuna,28.66250000,77.24888889,10-07-2022 09:00,3.5
189,Delhi Railway Bridge,CWC,7,Delhi,80,NORTH,MODEL TOWN,-,-,Ganga,Ganga,Yamuna,-,-,Yamuna,28.66250000,77.24888889,11-07-2022 08:00,192
190,Delhi Railway Bridge,CWC,7,Delhi,80,NORTH,MODEL TOWN,-,-,Ganga,Ganga,Yamuna,-,-,Yamuna,28.66250000,77.24888889,14-07-2022 09:00,1.5
191,Delhi Railway Bridge,CWC,7,Delhi,80,NORTH,MODEL TOWN,-,-,Ganga,Ganga,Yamuna,-,-,Yamuna,28.66250000,77.24888889,29-07-2022 09:00,176.5
192,Delhi Railway Bridge,CWC,7,Delhi,80,NORTH,MODEL TOWN,-,-,Ganga,Ganga,Yamuna,-,-,Yamuna,28.66250000,77.24888889,30-07-2022 02:00,23
193,Delhi Railway Bridge,CWC,7,Delhi,80,NORTH,MODEL TOWN,-,-,Ganga,Ganga,Yamuna,-,-,Yamuna,28.66250000,77.24888889,30-07-2022 15:00,64.5
194,Delhi Railway Bridge,CWC,7,Delhi,80,NORTH,MODEL TOWN,-,-,Ganga,Ganga,Yamuna,-,-,Yamuna,28.66250000,77.24888889,31-07-2022 05:00,39
195,Delhi Railway Bridge,CWC,7,Delhi,80,NORTH,MODEL TOWN,-,-,Ganga,Ganga,Yamuna,-,-,Yamuna,28.66250000,77.24888889,31-07-2022 12:00,2
196,Delhi Railway Bridge,CWC,7,Delhi,80,NORTH,MODEL TOWN,-,-,Ganga,Ganga,Yamuna,-,-,Yamuna,28.66250000,77.24888889,07-08-2022 06:00,3
197,Delhi Railway Bridge,CWC,7,Delhi,80,NORTH,MODEL TOWN,-,-,Ganga,Ganga,Yamuna,-,-,Yamuna,28.66250000,77.24888889,07-08-2022 07:00,2
198,Delhi Railway Bridge,CWC,7,Delhi,80,NORTH,MODEL TOWN,-,-,Ganga,Ganga,Yamuna,-,-,Yamuna,28.66250000,77.24888889,07-08-2022 09:00,0.5
199,Delhi Railway Bridge,CWC,7,Delhi,80,NORTH,MODEL TOWN,-,-,Ganga,Ganga,Yamuna,-,-,Yamuna,28.66250000,77.24888889,14-08-2022 10:00,14.5
200,Delhi Railway Bridge,CWC,7,Delhi,80,NORTH,MODEL TOWN,-,-,Ganga,Ganga,Yamuna,-,-,Yamuna,28.66250000,77.24888889,14-08-2022 11:00,2
201,Delhi Railway Bridge,CWC,7,Delhi,80,NORTH,MODEL TOWN,-,-,Ganga,Ganga,Yamuna,-,-,Yamuna,28.66250000,77.24888889,15-08-2022 05:00,2
202,Delhi Railway Bridge,CWC,7,Delhi,80,NORTH,MODEL TOWN,-,-,Ganga,Ganga,Yamuna,-,-,Yamuna,28.66250000,77.24888889,09-10-2022 22:00,0.5
203,Delhi Railway Bridge,CWC,7,Delhi,80,NORTH,MODEL TOWN,-,-,Ganga,Ganga,Yamuna,-,-,Yamuna,28.66250000,77.24888889,16-10-2022 04:00,0.5
204,Delhi Railway Bridge,CWC,7,Delhi,80,NORTH,MODEL TOWN,-,-,Ganga,Ganga,Yamuna,-,-,Yamuna,28.66250000,77.24888889,18-10-2022 12:00,0.5
205,Delhi Railway Bridge,CWC,7,Delhi,80,NORTH,MODEL TOWN,-,-,Ganga,Ganga,Yamuna,-,-,Yamuna,28.66250000,77.24888889,19-10-2022 12:00,54
206,Delhi Railway Bridge,CWC,7,Delhi,80,NORTH,MODEL TOWN,-,-,Ganga,Ganga,Yamuna,-,-,Yamuna,28.66250000,77.24888889,20-10-2022 12:00,0.5
207,Delhi Railway Bridge,CWC,7,Delhi,80,NORTH,MODEL TOWN,-,-,Ganga,Ganga,Yamuna,-,-,Yamuna,28.66250000,77.24888889,21-10-2022 10:00,29
208,Delhi Railway Bridge,CWC,7,Delhi,80,NORTH,MODEL TOWN,-,-,Ganga,Ganga,Yamuna,-,-,Yamuna,28.66250000,77.24888889,23-10-2022 12:00,5.5
209,Delhi Railway Bridge,CWC,7,Delhi,80,NORTH,MODEL TOWN,-,-,Ganga,Ganga,Yamuna,-,-,Yamuna,28.66250000,77.24888889,06-12-2022 02:00,39
210,Delhi Railway Bridge,CWC,7,Delhi,80,NORTH,MODEL TOWN,-,-,Ganga,Ganga,Yamuna,-,-,Yamuna,28.66250000,77.24888889,20-12-2022 05:00,1
211,Delhi Railway Bridge,CWC,7,Delhi,80,NORTH,MODEL TOWN,-,-,Ganga,Ganga,Yamuna,-,-,Yamuna,28.66250000,77.24888889,29-01-2023 08:00,1.5
212,Delhi Railway Bridge,CWC,7,Delhi,80,NORTH,MODEL TOWN,-,-,Ganga,Ganga,Yamuna,-,-,Yamuna,28.66250000,77.24888889,29-01-2023 09:00,2
213,Delhi Railway Bridge,CWC,7,Delhi,80,NORTH,MODEL TOWN,-,-,Ganga,Ganga,Yamuna,-,-,Yamuna,28.66250000,77.24888889,01-02-2023 12:00,0.5
214,Delhi Railway Bridge,CWC,7,Delhi,80,NORTH,MODEL TOWN,-,-,Ganga,Ganga,Yamuna,-,-,Yamuna,28.66250000,77.24888889,01-03-2023 01:00,1
215,Delhi Railway Bridge,CWC,7,Delhi,80,NORTH,MODEL TOWN,-,-,Ganga,Ganga,Yamuna,-,-,Yamuna,28.66250000,77.24888889,18-03-2023 02:00,2
216,Delhi Railway Bridge,CWC,7,Delhi,80,NORTH,MODEL TOWN,-,-,Ganga,Ganga,Yamuna,-,-,Yamuna,28.66250000,77.24888889,18-03-2023 07:00,1
217,Delhi Railway Bridge,CWC,7,Delhi,80,NORTH,MODEL TOWN,-,-,Ganga,Ganga,Yamuna,-,-,Yamuna,28.66250000,77.24888889,20-03-2023 00:00,0.5
218,Delhi Railway Bridge,CWC,7,Delhi,80,NORTH,MODEL TOWN,-,-,Ganga,Ganga,Yamuna,-,-,Yamuna,28.66250000,77.24888889,20-03-2023 03:00,0.5
219,Delhi Railway Bridge,CWC,7,Delhi,80,NORTH,MODEL TOWN,-,-,Ganga,Ganga,Yamuna,-,-,Yamuna,28.66250000,77.24888889,20-03-2023 06:00,0.5
220,Delhi Railway Bridge,CWC,7,Delhi,80,NORTH,MODEL TOWN,-,-,Ganga,Ganga,Yamuna,-,-,Yamuna,28.66250000,77.24888889,20-03-2023 08:00,0.5
221,Delhi Railway Bridge,CWC,7,Delhi,80,NORTH,MODEL TOWN,-,-,Ganga,Ganga,Yamuna,-,-,Yamuna,28.66250000,77.24888889,05-04-2023 08:00,21
222,Delhi Railway Bridge,CWC,7,Delhi,80,NORTH,MODEL TOWN,-,-,Ganga,Ganga,Yamuna,-,-,Yamuna,28.66250000,77.24888889,22-04-2023 20:00,3
223,Delhi Railway Bridge,CWC,7,Delhi,80,NORTH,MODEL TOWN,-,-,Ganga,Ganga,Yamuna,-,-,Yamuna,28.66250000,77.24888889,30-04-2023 14:00,1
224,Delhi Railway Bridge,CWC,7,Delhi,80,NORTH,MODEL TOWN,-,-,Ganga,Ganga,Yamuna,-,-,Yamuna,28.66250000,77.24888889,01-05-2023 15:00,1.5
225,Delhi Railway Bridge,CWC,7,Delhi,80,NORTH,MODEL TOWN,-,-,Ganga,Ganga,Yamuna,-,-,Yamuna,28.66250000,77.24888889,01-05-2023 16:00,2
226,Delhi Railway Bridge,CWC,7,Delhi,80,NORTH,MODEL TOWN,-,-,Ganga,Ganga,Yamuna,-,-,Yamuna,28.66250000,77.24888889,01-05-2023 17:00,1.5
227,Delhi Railway Bridge,CWC,7,Delhi,80,NORTH,MODEL TOWN,-,-,Ganga,Ganga,Yamuna,-,-,Yamuna,28.66250000,77.24888889,01-05-2023 18:00,1
228,Delhi Railway Bridge,CWC,7,Delhi,80,NORTH,MODEL TOWN,-,-,Ganga,Ganga,Yamuna,-,-,Yamuna,28.66250000,77.24888889,01-05-2023 19:00,0.5
229,Delhi Railway Bridge,CWC,7,Delhi,80,NORTH,MODEL TOWN,-,-,Ganga,Ganga,Yamuna,-,-,Yamuna,28.66250000,77.24888889,01-05-2023 20:00,1
230,Delhi Railway Bridge,CWC,7,Delhi,80,NORTH,MODEL TOWN,-,-,Ganga,Ganga,Yamuna,-,-,Yamuna,28.66250000,77.24888889,01-05-2023 22:00,0.5
231,Delhi Railway Bridge,CWC,7,Delhi,80,NORTH,MODEL TOWN,-,-,Ganga,Ganga,Yamuna,-,-,Yamuna,28.66250000,77.24888889,01-05-2023 23:00,0.5
232,Delhi Railway Bridge,CWC,7,Delhi,80,NORTH,MODEL TOWN,-,-,Ganga,Ganga,Yamuna,-,-,Yamuna,28.66250000,77.24888889,02-05-2023 01:00,0.5
233,Delhi Railway Bridge,CWC,7,Delhi,80,NORTH,MODEL TOWN,-,-,Ganga,Ganga,Yamuna,-,-,Yamuna,28.66250000,77.24888889,02-05-2023 02:00,0.5
234,Delhi Railway Bridge,CWC,7,Delhi,80,NORTH,MODEL TOWN,-,-,Ganga,Ganga,Yamuna,-,-,Yamuna,28.66250000,77.24888889,02-05-2023 03:00,0.5
235,Delhi Railway Bridge,CWC,7,Delhi,80,NORTH,MODEL TOWN,-,-,Ganga,Ganga,Yamuna,-,-,Yamuna,28.66250000,77.24888889,02-05-2023 05:00,0.5
236,Delhi Railway Bridge,CWC,7,Delhi,80,NORTH,MODEL TOWN,-,-,Ganga,Ganga,Yamuna,-,-,Yamuna,28.66250000,77.24888889,02-05-2023 06:00,0.5
237,Delhi Railway Bridge,CWC,7,Delhi,80,NORTH,MODEL TOWN,-,-,Ganga,Ganga,Yamuna,-,-,Yamuna,28.66250000,77.24888889,02-05-2023 08:00,0.5
238,Delhi Railway Bridge,CWC,7,Delhi,80,NORTH,MODEL TOWN,-,-,Ganga,Ganga,Yamuna,-,-,Yamuna,28.66250000,77.24888889,02-05-2023 10:00,0.5
239,Delhi Railway Bridge,CWC,7,Delhi,80,NORTH,MODEL TOWN,-,-,Ganga,Ganga,Yamuna,-,-,Yamuna,28.66250000,77.24888889,02-05-2023 15:00,0.5
240,Delhi Railway Bridge,CWC,7,Delhi,80,NORTH,MODEL TOWN,-,-,Ganga,Ganga,Yamuna,-,-,Yamuna,28.66250000,77.24888889,02-05-2023 19:00,0.5
241,Delhi Railway Bridge,CWC,7,Delhi,80,NORTH,MODEL TOWN,-,-,Ganga,Ganga,Yamuna,-,-,Yamuna,28.66250000,77.24888889,02-05-2023 22:00,0.5
242,Delhi Railway Bridge,CWC,7,Delhi,80,NORTH,MODEL TOWN,-,-,Ganga,Ganga,Yamuna,-,-,Yamuna,28.66250000,77.24888889,03-05-2023 04:00,0.5
243,Delhi Railway Bridge,CWC,7,Delhi,80,NORTH,MODEL TOWN,-,-,Ganga,Ganga,Yamuna,-,-,Yamuna,28.66250000,77.24888889,04-05-2023 07:00,0.5
244,Delhi Railway Bridge,CWC,7,Delhi,80,NORTH,MODEL TOWN,-,-,Ganga,Ganga,Yamuna,-,-,Yamuna,28.66250000,77.24888889,04-05-2023 11:00,0.5
245,Delhi Railway Bridge,CWC,7,Delhi,80,NORTH,MODEL TOWN,-,-,Ganga,Ganga,Yamuna,-,-,Yamuna,28.66250000,77.24888889,04-05-2023 16:00,0.5
246,Delhi Railway Bridge,CWC,7,Delhi,80,NORTH,MODEL TOWN,-,-,Ganga,Ganga,Yamuna,-,-,Yamuna,28.66250000,77.24888889,04-05-2023 22:00,0.5
247,Delhi Railway Bridge,CWC,7,Delhi,80,NORTH,MODEL TOWN,-,-,Ganga,Ganga,Yamuna,-,-,Yamuna,28.66250000,77.24888889,05-05-2023 04:00,0.5
248,Delhi Railway Bridge,CWC,7,Delhi,80,NORTH,MODEL TOWN,-,-,Ganga,Ganga,Yamuna,-,-,Yamuna,28.66250000,77.24888889,05-05-2023 08:00,0.5
249,Delhi Railway Bridge,CWC,7,Delhi,80,NORTH,MODEL TOWN,-,-,Ganga,Ganga,Yamuna,-,-,Yamuna,28.66250000,77.24888889,05-05-2023 13:00,0.5
250,Delhi Railway Bridge,CWC,7,Delhi,80,NORTH,MODEL TOWN,-,-,Ganga,Ganga,Yamuna,-,-,Yamuna,28.66250000,77.24888889,05-05-2023 17:00,0.5
251,Delhi Railway Bridge,CWC,7,Delhi,80,NORTH,MODEL TOWN,-,-,Ganga,Ganga,Yamuna,-,-,Yamuna,28.66250000,77.24888889,06-05-2023 02:00,0.5
252,Delhi Railway Bridge,CWC,7,Delhi,80,NORTH,MODEL TOWN,-,-,Ganga,Ganga,Yamuna,-,-,Yamuna,28.66250000,77.24888889,06-05-2023 07:00,0.5
253,Delhi Railway Bridge,CWC,7,Delhi,80,NORTH,MODEL TOWN,-,-,Ganga,Ganga,Yamuna,-,-,Yamuna,28.66250000,77.24888889,06-05-2023 13:00,0.5
254,Delhi Railway Bridge,CWC,7,Delhi,80,NORTH,MODEL TOWN,-,-,Ganga,Ganga,Yamuna,-,-,Yamuna,28.66250000,77.24888889,06-05-2023 20:00,0.5
255,Delhi Railway Bridge,CWC,7,Delhi,80,NORTH,MODEL TOWN,-,-,Ganga,Ganga,Yamuna,-,-,Yamuna,28.66250000,77.24888889,07-05-2023 01:00,0.5
256,Delhi Railway Bridge,CWC,7,Delhi,80,NORTH,MODEL TOWN,-,-,Ganga,Ganga,Yamuna,-,-,Yamuna,28.66250000,77.24888889,07-05-2023 02:00,0.5
257,Delhi Railway Bridge,CWC,7,Delhi,80,NORTH,MODEL TOWN,-,-,Ganga,Ganga,Yamuna,-,-,Yamuna,28.66250000,77.24888889,07-05-2023 03:00,0.5
258,Delhi Railway Bridge,CWC,7,Delhi,80,NORTH,MODEL TOWN,-,-,Ganga,Ganga,Yamuna,-,-,Yamuna,28.66250000,77.24888889,07-05-2023 04:00,0.5
259,Delhi Railway Bridge,CWC,7,Delhi,80,NORTH,MODEL TOWN,-,-,Ganga,Ganga,Yamuna,-,-,Yamuna,28.66250000,77.24888889,07-05-2023 05:00,0.5
260,Delhi Railway Bridge,CWC,7,Delhi,80,NORTH,MODEL TOWN,-,-,Ganga,Ganga,Yamuna,-,-,Yamuna,28.66250000,77.24888889,07-05-2023 06:00,0.5
261,Delhi Railway Bridge,CWC,7,Delhi,80,NORTH,MODEL TOWN,-,-,Ganga,Ganga,Yamuna,-,-,Yamuna,28.66250000,77.24888889,07-05-2023 13:00,0.5
262,Delhi Railway Bridge,CWC,7,Delhi,80,NORTH,MODEL TOWN,-,-,Ganga,Ganga,Yamuna,-,-,Yamuna,28.66250000,77.24888889,08-05-2023 01:00,0.5
263,Delhi Railway Bridge,CWC,7,Delhi,80,NORTH,MODEL TOWN,-,-,Ganga,Ganga,Yamuna,-,-,Yamuna,28.66250000,77.24888889,08-05-2023 06:00,0.5
264,Delhi Railway Bridge,CWC,7,Delhi,80,NORTH,MODEL TOWN,-,-,Ganga,Ganga,Yamuna,-,-,Yamuna,28.66250000,77.24888889,15-05-2023 14:00,1
265,Delhi Railway Bridge,CWC,7,Delhi,80,NORTH,MODEL TOWN,-,-,Ganga,Ganga,Yamuna,-,-,Yamuna,28.66250000,77.24888889,29-05-2023 11:00,2
266,Delhi Railway Bridge,CWC,7,Delhi,80,NORTH,MODEL TOWN,-,-,Ganga,Ganga,Yamuna,-,-,Yamuna,28.66250000,77.24888889,29-05-2023 13:00,0.5
267,Delhi Railway Bridge,CWC,7,Delhi,80,NORTH,MODEL TOWN,-,-,Ganga,Ganga,Yamuna,-,-,Yamuna,28.66250000,77.24888889,30-05-2023 17:00,9.5
268,Delhi Railway Bridge,CWC,7,Delhi,80,NORTH,MODEL TOWN,-,-,Ganga,Ganga,Yamuna,-,-,Yamuna,28.66250000,77.24888889,30-05-2023 18:00,3
269,Delhi Railway Bridge,CWC,7,Delhi,80,NORTH,MODEL TOWN,-,-,Ganga,Ganga,Yamuna,-,-,Yamuna,28.66250000,77.24888889,08-06-2023 05:00,7
270,Delhi Railway Bridge,CWC,7,Delhi,80,NORTH,MODEL TOWN,-,-,Ganga,Ganga,Yamuna,-,-,Yamuna,28.66250000,77.24888889,08-06-2023 06:00,29
271,Delhi Railway Bridge,CWC,7,Delhi,80,NORTH,MODEL TOWN,-,-,Ganga,Ganga,Yamuna,-,-,Yamuna,28.66250000,77.24888889,11-07-2023 08:00,2.5
272,Delhi Railway Bridge,CWC,7,Delhi,80,NORTH,MODEL TOWN,-,-,Ganga,Ganga,Yamuna,-,-,Yamuna,28.66250000,77.24888889,11-07-2023 09:00,6
273,Delhi Railway Bridge,CWC,7,Delhi,80,NORTH,MODEL TOWN,-,-,Ganga,Ganga,Yamuna,-,-,Yamuna,28.66250000,77.24888889,12-07-2023 04:00,1
274,Delhi Railway Bridge,CWC,7,Delhi,80,NORTH,MODEL TOWN,-,-,Ganga,Ganga,Yamuna,-,-,Yamuna,28.66250000,77.24888889,13-07-2023 00:00,0.5
275,Delhi Railway Bridge,CWC,7,Delhi,80,NORTH,MODEL TOWN,-,-,Ganga,Ganga,Yamuna,-,-,Yamuna,28.66250000,77.24888889,15-07-2023 09:00,136
276,Delhi Railway Bridge,CWC,7,Delhi,80,NORTH,MODEL TOWN,-,-,Ganga,Ganga,Yamuna,-,-,Yamuna,28.66250000,77.24888889,15-07-2023 14:00,4
277,Delhi Railway Bridge,CWC,7,Delhi,80,NORTH,MODEL TOWN,-,-,Ganga,Ganga,Yamuna,-,-,Yamuna,28.66250000,77.24888889,17-07-2023 02:00,0.5
278,Delhi Railway Bridge,CWC,7,Delhi,80,NORTH,MODEL TOWN,-,-,Ganga,Ganga,Yamuna,-,-,Yamuna,28.66250000,77.24888889,01-08-2023 01:00,2.5
279,Delhi Railway Bridge,CWC,7,Delhi,80,NORTH,MODEL TOWN,-,-,Ganga,Ganga,Yamuna,-,-,Yamuna,28.66250000,77.24888889,04-08-2023 05:00,0.5
280,Delhi Railway Bridge,CWC,7,Delhi,80,NORTH,MODEL TOWN,-,-,Ganga,Ganga,Yamuna,-,-,Yamuna,28.66250000,77.24888889,06-08-2023 14:00,1
281,Delhi Railway Bridge,CWC,7,Delhi,80,NORTH,MODEL TOWN,-,-,Ganga,Ganga,Yamuna,-,-,Yamuna,28.66250000,77.24888889,08-08-2023 02:00,0.5
282,Delhi Railway Bridge,CWC,7,Delhi,80,NORTH,MODEL TOWN,-,-,Ganga,Ganga,Yamuna,-,-,Yamuna,28.66250000,77.24888889,08-08-2023 03:00,1
283,Delhi Railway Bridge,CWC,7,Delhi,80,NORTH,MODEL TOWN,-,-,Ganga,Ganga,Yamuna,-,-,Yamuna,28.66250000,77.24888889,15-08-2023 07:00,1
284,Delhi Railway Bridge,CWC,7,Delhi,80,NORTH,MODEL TOWN,-,-,Ganga,Ganga,Yamuna,-,-,Yamuna,28.66250000,77.24888889,15-08-2023 18:00,178.5
285,Delhi Railway Bridge,CWC,7,Delhi,80,NORTH,MODEL TOWN,-,-,Ganga,Ganga,Yamuna,-,-,Yamuna,28.66250000,77.24888889,19-08-2023 01:00,5.5
286,Delhi Railway Bridge,CWC,7,Delhi,80,NORTH,MODEL TOWN,-,-,Ganga,Ganga,Yamuna,-,-,Yamuna,28.66250000,77.24888889,19-08-2023 02:00,0.5
287,Delhi Railway Bridge,CWC,7,Delhi,80,NORTH,MODEL TOWN,-,-,Ganga,Ganga,Yamuna,-,-,Yamuna,28.66250000,77.24888889,19-08-2023 06:00,2.5
288,Delhi Railway Bridge,CWC,7,Delhi,80,NORTH,MODEL TOWN,-,-,Ganga,Ganga,Yamuna,-,-,Yamuna,28.66250000,77.24888889,19-08-2023 07:00,0.5
289,Delhi Railway Bridge,CWC,7,Delhi,80,NORTH,MODEL TOWN,-,-,Ganga,Ganga,Yamuna,-,-,Yamuna,28.66250000,77.24888889,22-08-2023 15:00,243.5
290,Delhi Railway Bridge,CWC,7,Delhi,80,NORTH,MODEL TOWN,-,-,Ganga,Ganga,Yamuna,-,-,Yamuna,28.66250000,77.24888889,22-08-2023 16:00,72.5
291,Delhi Railway Bridge,CWC,7,Delhi,80,NORTH,MODEL TOWN,-,-,Ganga,Ganga,Yamuna,-,-,Yamuna,28.66250000,77.24888889,23-08-2023 00:00,10.5
292,Delhi Railway Bridge,CWC,7,Delhi,80,NORTH,MODEL TOWN,-,-,Ganga,Ganga,Yamuna,-,-,Yamuna,28.66250000,77.24888889,23-08-2023 01:00,1
293,Delhi Railway Bridge,CWC,7,Delhi,80,NORTH,MODEL TOWN,-,-,Ganga,Ganga,Yamuna,-,-,Yamuna,28.66250000,77.24888889,23-08-2023 03:00,3
294,Delhi Railway Bridge,CWC,7,Delhi,80,NORTH,MODEL TOWN,-,-,Ganga,Ganga,Yamuna,-,-,Yamuna,28.66250000,77.24888889,23-08-2023 07:00,1.5
295,Delhi Railway Bridge,CWC,7,Delhi,80,NORTH,MODEL TOWN,-,-,Ganga,Ganga,Yamuna,-,-,Yamuna,28.66250000,77.24888889,23-08-2023 09:00,0.5
296,Delhi Railway Bridge,CWC,7,Delhi,80,NORTH,MODEL TOWN,-,-,Ganga,Ganga,Yamuna,-,-,Yamuna,28.66250000,77.24888889,23-08-2023 12:00,0.5
297,Delhi Railway Bridge,CWC,7,Delhi,80,NORTH,MODEL TOWN,-,-,Ganga,Ganga,Yamuna,-,-,Yamuna,28.66250000,77.24888889,23-08-2023 13:00,1
298,Delhi Railway Bridge,CWC,7,Delhi,80,NORTH,MODEL TOWN,-,-,Ganga,Ganga,Yamuna,-,-,Yamuna,28.66250000,77.24888889,23-08-2023 16:00,130.5
299,Delhi Railway Bridge,CWC,7,Delhi,80,NORTH,MODEL TOWN,-,-,Ganga,Ganga,Yamuna,-,-,Yamuna,28.66250000,77.24888889,23-08-2023 19:30,64.5
300,Delhi Railway Bridge,CWC,7,Delhi,80,NORTH,MODEL TOWN,-,-,Ganga,Ganga,Yamuna,-,-,Yamuna,28.66250000,77.24888889,23-08-2023 23:00,18
301,Delhi Railway Bridge,CWC,7,Delhi,80,NORTH,MODEL TOWN,-,-,Ganga,Ganga,Yamuna,-,-,Yamuna,28.66250000,77.24888889,25-08-2023 13:00,0.5
302,Delhi Railway Bridge,CWC,7,Delhi,80,NORTH,MODEL TOWN,-,-,Ganga,Ganga,Yamuna,-,-,Yamuna,28.66250000,77.24888889,06-09-2023 11:00,1
303,Delhi Railway Bridge,CWC,7,Delhi,80,NORTH,MODEL TOWN,-,-,Ganga,Ganga,Yamuna,-,-,Yamuna,28.66250000,77.24888889,06-09-2023 12:00,1
304,Delhi Railway Bridge,CWC,7,Delhi,80,NORTH,MODEL TOWN,-,-,Ganga,Ganga,Yamuna,-,-,Yamuna,28.66250000,77.24888889,08-09-2023 21:00,8
305,Delhi Railway Bridge,CWC,7,Delhi,80,NORTH,MODEL TOWN,-,-,Ganga,Ganga,Yamuna,-,-,Yamuna,28.66250000,77.24888889,08-09-2023 22:00,5.5
306,Delhi Railway Bridge,CWC,7,Delhi,80,NORTH,MODEL TOWN,-,-,Ganga,Ganga,Yamuna,-,-,Yamuna,28.66250000,77.24888889,08-09-2023 23:00,5.5
307,Delhi Railway Bridge,CWC,7,Delhi,80,NORTH,MODEL TOWN,-,-,Ganga,Ganga,Yamuna,-,-,Yamuna,28.66250000,77.24888889,09-09-2023 10:00,1.5
308,Delhi Railway Bridge,CWC,7,Delhi,80,NORTH,MODEL TOWN,-,-,Ganga,Ganga,Yamuna,-,-,Yamuna,28.66250000,77.24888889,09-09-2023 18:00,2
309,Delhi Railway Bridge,CWC,7,Delhi,80,NORTH,MODEL TOWN,-,-,Ganga,Ganga,Yamuna,-,-,Yamuna,28.66250000,77.24888889,09-09-2023 19:00,2
310,Delhi Railway Bridge,CWC,7,Delhi,80,NORTH,MODEL TOWN,-,-,Ganga,Ganga,Yamuna,-,-,Yamuna,28.66250000,77.24888889,09-09-2023 20:00,151
311,Delhi Railway Bridge,CWC,7,Delhi,80,NORTH,MODEL TOWN,-,-,Ganga,Ganga,Yamuna,-,-,Yamuna,28.66250000,77.24888889,23-09-2023 06:00,1
312,Delhi Railway Bridge,CWC,7,Delhi,80,NORTH,MODEL TOWN,-,-,Ganga,Ganga,Yamuna,-,-,Yamuna,28.66250000,77.24888889,23-09-2023 07:00,1
313,Delhi Railway Bridge,CWC,7,Delhi,80,NORTH,MODEL TOWN,-,-,Ganga,Ganga,Yamuna,-,-,Yamuna,28.66250000,77.24888889,24-09-2023 10:00,4
314,Delhi Railway Bridge,CWC,7,Delhi,80,NORTH,MODEL TOWN,-,-,Ganga,Ganga,Yamuna,-,-,Yamuna,28.66250000,77.24888889,24-09-2023 11:00,4
315,Delhi Railway Bridge,CWC,7,Delhi,80,NORTH,MODEL TOWN,-,-,Ganga,Ganga,Yamuna,-,-,Yamuna,28.66250000,77.24888889,27-09-2023 12:00,0.5
316,Delhi Railway Bridge,CWC,7,Delhi,80,NORTH,MODEL TOWN,-,-,Ganga,Ganga,Yamuna,-,-,Yamuna,28.66250000,77.24888889,05-10-2023 12:00,0.5
317,Delhi Railway Bridge,CWC,7,Delhi,80,NORTH,MODEL TOWN,-,-,Ganga,Ganga,Yamuna,-,-,Yamuna,28.66250000,77.24888889,12-10-2023 12:00,2
318,Delhi Railway Bridge,CWC,7,Delhi,80,NORTH,MODEL TOWN,-,-,Ganga,Ganga,Yamuna,-,-,Yamuna,28.66250000,77.24888889,12-10-2023 13:00,0.5
319,Delhi Railway Bridge,CWC,7,Delhi,80,NORTH,MODEL TOWN,-,-,Ganga,Ganga,Yamuna,-,-,Yamuna,28.66250000,77.24888889,16-10-2023 17:00,1.5
320,Delhi Railway Bridge,CWC,7,Delhi,80,NORTH,MODEL TOWN,-,-,Ganga,Ganga,Yamuna,-,-,Yamuna,28.66250000,77.24888889,16-10-2023 18:00,1.5
321,Delhi Railway Bridge,CWC,7,Delhi,80,NORTH,MODEL TOWN,-,-,Ganga,Ganga,Yamuna,-,-,Yamuna,28.66250000,77.24888889,16-10-2023 19:00,8.5
322,Delhi Railway Bridge,CWC,7,Delhi,80,NORTH,MODEL TOWN,-,-,Ganga,Ganga,Yamuna,-,-,Yamuna,28.66250000,77.24888889,17-10-2023 11:00,1.5
323,Delhi Railway Bridge,CWC,7,Delhi,80,NORTH,MODEL TOWN,-,-,Ganga,Ganga,Yamuna,-,-,Yamuna,28.66250000,77.24888889,05-11-2023 11:00,2.5
324,Delhi Railway Bridge,CWC,7,Delhi,80,NORTH,MODEL TOWN,-,-,Ganga,Ganga,Yamuna,-,-,Yamuna,28.66250000,77.24888889,09-11-2023 22:00,1.5
325,Delhi Railway Bridge,CWC,7,Delhi,80,NORTH,MODEL TOWN,-,-,Ganga,Ganga,Yamuna,-,-,Yamuna,28.66250000,77.24888889,09-11-2023 23:00,179.5
326,Delhi Railway Bridge,CWC,7,Delhi,80,NORTH,MODEL TOWN,-,-,Ganga,Ganga,Yamuna,-,-,Yamuna,28.66250000,77.24888889,10-11-2023 00:00,4
327,Delhi Railway Bridge,CWC,7,Delhi,80,NORTH,MODEL TOWN,-,-,Ganga,Ganga,Yamuna,-,-,Yamuna,28.66250000,77.24888889,10-11-2023 01:00,4
328,Delhi Railway Bridge,CWC,7,Delhi,80,NORTH,MODEL TOWN,-,-,Ganga,Ganga,Yamuna,-,-,Yamuna,28.66250000,77.24888889,10-11-2023 06:00,1
329,Delhi Railway Bridge,CWC,7,Delhi,80,NORTH,MODEL TOWN,-,-,Ganga,Ganga,Yamuna,-,-,Yamuna,28.66250000,77.24888889,10-11-2023 08:00,2
330,Delhi Railway Bridge,CWC,7,Delhi,80,NORTH,MODEL TOWN,-,-,Ganga,Ganga,Yamuna,-,-,Yamuna,28.66250000,77.24888889,10-11-2023 09:00,0.5
331,Delhi Railway Bridge,CWC,7,Delhi,80,NORTH,MODEL TOWN,-,-,Ganga,Ganga,Yamuna,-,-,Yamuna,28.66250000,77.24888889,14-11-2023 11:00,2.5
332,Delhi Railway Bridge,CWC,7,Delhi,80,NORTH,MODEL TOWN,-,-,Ganga,Ganga,Yamuna,-,-,Yamuna,28.66250000,77.24888889,28-11-2023 07:00,0.5
333,Delhi Railway Bridge,CWC,7,Delhi,80,NORTH,MODEL TOWN,-,-,Ganga,Ganga,Yamuna,-,-,Yamuna,28.66250000,77.24888889,28-11-2023 08:00,0.5
334,Delhi Railway Bridge,CWC,7,Delhi,80,NORTH,MODEL TOWN,-,-,Ganga,Ganga,Yamuna,-,-,Yamuna,28.66250000,77.24888889,15-12-2023 05:00,80
335,Delhi Railway Bridge,CWC,7,Delhi,80,NORTH,MODEL TOWN,-,-,Ganga,Ganga,Yamuna,-,-,Yamuna,28.66250000,77.24888889,02-02-2024 03:00,0.5
336,Delhi Railway Bridge,CWC,7,Delhi,80,NORTH,MODEL TOWN,-,-,Ganga,Ganga,Yamuna,-,-,Yamuna,28.66250000,77.24888889,02-02-2024 04:00,0.5
337,Delhi Railway Bridge,CWC,7,Delhi,80,NORTH,MODEL TOWN,-,-,Ganga,Ganga,Yamuna,-,-,Yamuna,28.66250000,77.24888889,10-05-2024 17:00,24
338,Delhi Railway Bridge,CWC,7,Delhi,80,NORTH,MODEL TOWN,-,-,Ganga,Ganga,Yamuna,-,-,Yamuna,28.66250000,77.24888889,10-05-2024 19:00,0.5
339,Delhi Railway Bridge,CWC,7,Delhi,80,NORTH,MODEL TOWN,-,-,Ganga,Ganga,Yamuna,-,-,Yamuna,28.66250000,77.24888889,18-02-2025 08:00,2
340,Delhi Railway Bridge,CWC,7,Delhi,80,NORTH,MODEL TOWN,-,-,Ganga,Ganga,Yamuna,-,-,Yamuna,28.66250000,77.24888889,18-02-2025 09:00,2
341,Delhi Railway Bridge,CWC,7,Delhi,80,NORTH,MODEL TOWN,-,-,Ganga,Ganga,Yamuna,-,-,Yamuna,28.66250000,77.24888889,19-02-2025 08:00,228
342,Delhi Railway Bridge,CWC,7,Delhi,80,NORTH,MODEL TOWN,-,-,Ganga,Ganga,Yamuna,-,-,Yamuna,28.66250000,77.24888889,19-02-2025 09:00,228
